-- 一级分类， 父分类ID=0
insert into qima_product.t_category(id, name, parent_id, sort, status) values (1, 'cat1', 0, 1, 0);
insert into qima_product.t_category(id, name, parent_id, sort, status) values (2, 'cat2', 0, 2, 0);
insert into qima_product.t_category(id, name, parent_id, sort, status) values (3, 'cat3', 0, 3, 0);
insert into qima_product.t_category(id, name, parent_id, sort, status) values (4, 'cat4', 0, 4, 0);
insert into qima_product.t_category(id, name, parent_id, sort, status) values (5, 'cat5', 0, 5, 0);
insert into qima_product.t_category(id, name, parent_id, sort, status) values (6, 'cat6', 0, 6, 1);
insert into qima_product.t_category(id, name, parent_id, sort, status) values (7, 'cat7', 0, 7, 0);
insert into qima_product.t_category(id, name, parent_id, sort, status) values (8, 'cat8', 0, 8, 0);
insert into qima_product.t_category(id, name, parent_id, sort, status) values (9, 'cat9', 0, 9, 0);
insert into qima_product.t_category(id, name, parent_id, sort, status) values (10, 'cat10', 0, 10, 0);
insert into qima_product.t_category(id, name, parent_id, sort, status) values (11, 'cat11', 0, 11, 0);

-- 二级分类，父分类ID=1
insert into qima_product.t_category(id, name, parent_id, sort, status) values (12, 'cat12', 1, 1, 0);
insert into qima_product.t_category(id, name, parent_id, sort, status) values (13, 'cat13', 1, 2, 0);
insert into qima_product.t_category(id, name, parent_id, sort, status) values (14, 'cat14', 1, 3, 0);
insert into qima_product.t_category(id, name, parent_id, sort, status) values (15, 'cat15', 1, 4, 0);
insert into qima_product.t_category(id, name, parent_id, sort, status) values (16, 'cat16', 1, 5, 0);

-- 二级分类，父分类ID=2
insert into qima_product.t_category(id, name, parent_id, sort, status) values (17, 'cat17', 2, 1, 0);
insert into qima_product.t_category(id, name, parent_id, sort, status) values (18, 'cat18', 2, 2, 0);
insert into qima_product.t_category(id, name, parent_id, sort, status) values (19, 'cat19', 2, 3, 0);
insert into qima_product.t_category(id, name, parent_id, sort, status) values (20, 'cat20', 2, 4, 0);
insert into qima_product.t_category(id, name, parent_id, sort, status) values (21, 'cat21', 2, 5, 0);
insert into qima_product.t_category(id, name, parent_id, sort, status) values (22, 'cat22', 2, 6, 0);

-- 二级分类，父分类ID=3
insert into qima_product.t_category(id, name, parent_id, sort, status) values (23, 'cat23', 3, 1, 0);
insert into qima_product.t_category(id, name, parent_id, sort, status) values (24, 'cat24', 3, 2, 0);
insert into qima_product.t_category(id, name, parent_id, sort, status) values (25, 'cat25', 3, 3, 0);
insert into qima_product.t_category(id, name, parent_id, sort, status) values (26, 'cat26', 3, 4, 0);
insert into qima_product.t_category(id, name, parent_id, sort, status) values (27, 'cat27', 3, 5, 0);
insert into qima_product.t_category(id, name, parent_id, sort, status) values (28, 'cat28', 3, 6, 0);
insert into qima_product.t_category(id, name, parent_id, sort, status) values (29, 'cat29', 3, 7, 0);
insert into qima_product.t_category(id, name, parent_id, sort, status) values (30, 'cat30', 3, 8, 0);
insert into qima_product.t_category(id, name, parent_id, sort, status) values (31, 'cat31', 3, 9, 0);

-- 二级分类，父分类ID=4
insert into qima_product.t_category(id, name, parent_id, sort, status) values (32, 'cat32', 4, 1, 0);
insert into qima_product.t_category(id, name, parent_id, sort, status) values (33, 'cat33', 4, 2, 0);

-- 二级分类，父分类ID=5
insert into qima_product.t_category(id, name, parent_id, sort, status) values (34, 'cat34', 5, 1, 0);
insert into qima_product.t_category(id, name, parent_id, sort, status) values (35, 'cat35', 5, 2, 0);
insert into qima_product.t_category(id, name, parent_id, sort, status) values (36, 'cat36', 5, 3, 0);

-- 二级分类，父分类ID=6
insert into qima_product.t_category(id, name, parent_id, sort, status) values (37, 'cat37', 6, 1, 0);

-- 二级分类，父分类ID=7
insert into qima_product.t_category(id, name, parent_id, sort, status) values (38, 'cat38', 7, 1, 0);
insert into qima_product.t_category(id, name, parent_id, sort, status) values (39, 'cat39', 7, 2, 0);
insert into qima_product.t_category(id, name, parent_id, sort, status) values (40, 'cat40', 7, 3, 0);
insert into qima_product.t_category(id, name, parent_id, sort, status) values (41, 'cat41', 7, 4, 0);

-- 二级分类，父分类ID=8
insert into qima_product.t_category(id, name, parent_id, sort, status) values (42, 'cat42', 8, 1, 0);
insert into qima_product.t_category(id, name, parent_id, sort, status) values (43, 'cat43', 8, 2, 0);

-- 二级分类，父分类ID=9
insert into qima_product.t_category(id, name, parent_id, sort, status) values (44, 'cat44', 9, 1, 0);
insert into qima_product.t_category(id, name, parent_id, sort, status) values (45, 'cat45', 9, 2, 0);

-- 二级分类，父分类ID=10
insert into qima_product.t_category(id, name, parent_id, sort, status) values (46, 'cat46', 10, 1, 0);
insert into qima_product.t_category(id, name, parent_id, sort, status) values (47, 'cat47', 10, 2, 0);
insert into qima_product.t_category(id, name, parent_id, sort, status) values (48, 'cat48', 10, 3, 0);

-- 二级分类，父分类ID=11
insert into qima_product.t_category(id, name, parent_id, sort, status) values (49, 'cat49', 11, 1, 0);
insert into qima_product.t_category(id, name, parent_id, sort, status) values (50, 'cat50', 11, 2, 0);

-- 三级分类，父分类ID=12
insert into qima_product.t_category(id, name, parent_id, sort, status) values (51, 'cat51', 12, 1, 0);
insert into qima_product.t_category(id, name, parent_id, sort, status) values (52, 'cat52', 12, 2, 0);

-- 三级分类，父分类ID=18
insert into qima_product.t_category(id, name, parent_id, sort, status) values (53, 'cat53', 18, 1, 0);
insert into qima_product.t_category(id, name, parent_id, sort, status) values (54, 'cat54', 18, 2, 0);
insert into qima_product.t_category(id, name, parent_id, sort, status) values (55, 'cat55', 18, 3, 0);

-- 四级分类，父分类ID=51
insert into qima_product.t_category(id, name, parent_id, sort, status) values (56, 'cat56', 51, 1, 0);
insert into qima_product.t_category(id, name, parent_id, sort, status) values (57, 'cat57', 51, 2, 0);

-- 四级分类，父分类ID=12
insert into qima_product.t_category(id, name, parent_id, sort, status) values (58, 'cat58', 53, 1, 0);
insert into qima_product.t_category(id, name, parent_id, sort, status) values (59, 'cat59', 53, 2, 0);
insert into qima_product.t_category(id, name, parent_id, sort, status) values (60, 'cat60', 53, 3, 0);

-- product
insert into qima_product.t_product(id, name, quantity, order_id, category_id) values (1, 'p1', 69, 1, 16);
insert into qima_product.t_product(id, name, quantity, order_id, category_id) values (2, 'p2', 99, 1, 16);
insert into qima_product.t_product(id, name, quantity, order_id, category_id) values (3, 'p3', 28, 1, 16);
insert into qima_product.t_product(id, name, quantity, order_id, category_id) values (4, 'p4', 5, 1, 16);

-- product attribute
insert into qima_product.t_product_attribute(id, product_id, attr_name, attr_value, attr_sort) values (1, '1', 'arrt name 1', 'attr value 1', 1);
insert into qima_product.t_product_attribute(id, product_id, attr_name, attr_value, attr_sort) values (2, '1', 'arrt name 2', 'attr value 2', 2);
insert into qima_product.t_product_attribute(id, product_id, attr_name, attr_value, attr_sort) values (3, '1', 'arrt name 3', 'attr value 3', 3);

insert into qima_product.t_product_attribute(id, product_id, attr_name, attr_value, attr_sort) values (4, '2', 'arrt name 4', 'attr value 4', 1);
insert into qima_product.t_product_attribute(id, product_id, attr_name, attr_value, attr_sort) values (5, '2', 'arrt name 5', 'attr value 5', 2);
insert into qima_product.t_product_attribute(id, product_id, attr_name, attr_value, attr_sort) values (6, '2', 'arrt name 6', 'attr value 6', 3);

insert into qima_product.t_product_attribute(id, product_id, attr_name, attr_value, attr_sort) values (7, '3', 'arrt name 7', 'attr value 7', 1);
insert into qima_product.t_product_attribute(id, product_id, attr_name, attr_value, attr_sort) values (8, '3', 'arrt name 8', 'attr value 8', 2);
insert into qima_product.t_product_attribute(id, product_id, attr_name, attr_value, attr_sort) values (9, '3', 'arrt name 9', 'attr value 9', 3);

insert into qima_product.t_product_attribute(id, product_id, attr_name, attr_value, attr_sort) values (10, '4', 'arrt name 10', 'attr value 10', 1);
insert into qima_product.t_product_attribute(id, product_id, attr_name, attr_value, attr_sort) values (11, '4', 'arrt name 11', 'attr value 11', 2);
insert into qima_product.t_product_attribute(id, product_id, attr_name, attr_value, attr_sort) values (12, '4', 'arrt name 12', 'attr value 12', 3);

commit ;